,ID,Name,Industry,Year Founded,Employees,State,2005 Revenue,2005 Expenses,2005 Growth%,2004 Revenue,2004 Expenses
0,1,"3 Round Stones, Inc.",Data/Technology,2010.0,4000,DC,11298734.9,1351621.06,2.7058969061479843,3048853,593226.86
1,2,48 Factoring Inc.,Finance & Investment,2014.0,198,PA,9668122.89,1535230.4,0.6061819092522079,6019320,439823.9
2,3,5PSolutions,Data/Technology,2007.0,4500,VA,13233236.64,2435209.0,4.7207267652858,2313209,992306.9299999999
3,4,Abt Associates,Research & Consulting,1965.0,4958,MA,8426241.07,1389970.49,2.6339646817719577,2318746,1184956.76
4,5,Accela,Governance,1999.0,900,CA,11352232.46,3111463.42,2.7027937580890953,3065856,1568870.85
5,6,Accenture,Software,1989.0,10000,IL,8240467.11,3327376.6,3.7354760780067995,1740156,1226197.63
6,7,AccuWeather,Environment & Weather,1962.0,500,PA,10538300.13,5440608.13,3.949231726217313,2129280,1119461.55
7,8,Acxiom,Data/Technology,1969.0,10000,AR,8892964.34,960931.52,1.7238307940827118,3264874,1053369.57
8,9,Adaptive,Business & Legal Services,2001.0,20000,CA,6563903.96,2647347.77,2.4972198506893313,1876892,1049834.6099999999
9,10,Adobe Digital Government,Data/Technology,2009.0,10000,CA,9954259.31,4264510.33,2.8709662191748224,2571518,1060452.0899999999
10,11,Aidin,Healthcare,2011.0,42745,NY,7377322.51,7103898.66,1.884233977504193,2557810,3108535.43
11,12,Alarm.com,Lifestyle & Consumer,2000.0,500,VA,9763912.51,4745248.85,4.0026399409351185,1951752,1140071.02
12,13,Allianz,Finance & Investment,1896.0,10000,NY,8025763.21,5078613.39,4.241304480709589,1531253,1270514.7
13,14,Allied Van Lines,Transportation,1928.0,10000,IL,10329719.85,5363876.7,3.194006204699038,2462972,1621566.15
14,15,AllState Insurance Group,Insurance,1931.0,10000,IL,13411503.3,5133820.23,2.7229810990362977,3602356,1024663.99
15,16,Alltuition,Education,2009.0,40000,IL,3979454.45,4869654.720000001,3.5266236654298266,879122,1135692.58
16,17,Altova,Data/Technology,1992.0,200,MA,7658796.97,2693416.47,2.546309045943955,2159653,1193320.95
17,18,Amazon Web Services,Data/Technology,2007.0,4000,WA,9927263.62,4181461.6,3.185804659203508,2371650,1207154.71
18,19,American Red Ball Movers,Transportation,1919.0,198,IN,7505121.89,4533675.67,2.0115423420791703,2492119,954052.56
19,20,Amida Technology Solutions,Healthcare,2013.0,4500,DC,7600679.7,6869380.45,3.5850533990304685,1657708,1602322.46
20,21,Analytica,Data/Technology,2007.0,4958,DC,10113366.87,5328478.93,3.5177295893182996,2238595,1521999.05
21,22,Apextech LLC,Data/Technology,2003.0,900,VA,10800238.27,3759914.2,2.513748954032068,3073708,893481.42
22,23,Appallicious,Data/Technology,2010.0,10000,CA,11090527.1,5965789.97,2.9258002729876713,2825036,1547416.23
23,24,Aquicore,Energy,2010.0,500,DC,9494090.9,2921768.7,2.212788121122374,2955094,1279480.03
24,25,Archimedes Inc.,Healthcare,2006.0,10000,CA,9513680.51,8003960.01,4.957361859580879,1596962,2268257.3899999997
25,26,AreaVibes Inc.,Data/Technology,2009.0,20000,NY,10987699.73,3134710.36,3.4750708891290034,2455313,1098238.73
26,27,Arpin Van Lines,Transportation,1900.0,10000,RI,10149454.79,2490948.19,3.2897575332611426,2365974,1213052.5
27,28,Arrive Labs,Transportation,2011.0,42745,CA,10677345.85,5994859.79,3.536914016855341,2353438,1496341.22
28,29,ASC Partners,Business & Legal Services,2010.0,500,MA,9715758.1,6278593.34,3.2913424559757636,2264037,1605646.9
29,30,Asset4,Finance & Investment,2003.0,10000,NY,14242532.82,6743259.72,2.737789474954966,3810416,3817201.71
30,31,Atlas Van Lines,Transportation,1948.0,10000,IN,10146650.34,4870870.21,3.695412543712988,2160971,1000630.06
31,32,AtSite,Research & Consulting,1993.0,10000,DC,7640929.61,3318561.65,3.410590831820504,1732405,867601.69
32,33,"Aunt Bertha, Inc.",Governance,2010.0,40000,TX,8159401.86,4134282.52,4.675596318660795,1437629,1078969.97
33,34,Aureus Sciences (*Now part of Elsevier),Scientific Research,2000.0,200,PA,10114863.98,2650104.23,2.565384525635336,2836963,1342575.92
34,35,AutoGrid Systems,Energy,2011.0,4000,CA,9121940.91,5949670.12,2.6029853031847643,2531773,1703135.28
35,36,Avalara,Finance & Investment,2004.0,198,WA,11528752.91,5101239.43,4.689859213806384,2026193,879614.36
36,37,Avvo,Business & Legal Services,2006.0,4500,WA,9136042.89,5529088.86,2.397681543230423,2688905,1561670.65
37,38,Ayasdi,Data/Technology,2008.0,4958,CA,9465245.9,5558652.44,2.1404933283254857,3013936,4499857.68
38,39,Azavea,Geospatial/Mapping,2000.0,900,PA,11715627.36,6388580.02,2.5316446936677064,3317329,2226426.16
39,40,BaleFire Global,Data/Technology,2014.0,10000,NC,9953032.52,2492676.18,2.1812770709716847,3128628,1597780.1600000001
40,41,Barchart,Data/Technology,1995.0,500,IL,8049307.41,5613299.99,3.0559248858700583,1984580,1261445.65
41,42,Be Informed,Data/Technology,2006.0,10000,NY,11408647.88,5178316.09,3.2486162914456767,2685262,1425060.85
42,43,Bekins,Transportation,1891.0,20000,IN,8398536.2,5667099.62,2.8139071115426217,2202082,2034349.24
43,44,Berkery Noyes MandASoft,Finance & Investment,2009.0,10000,NY,7540724.01,3467451.94,4.65409414587512,1333675,1050569.69
44,45,Berkshire Hathaway,Finance & Investment,1998.0,42745,NE,10388578.78,7827576.7,3.4780267692457563,2319901,1554286.3399999999
45,46,BetterLesson,Education,2008.0,500,MA,8561125.129999999,6731209.71,3.4361448179839225,1929857,1541410.61
46,47,BillGuard,Finance & Investment,2010.0,10000,NY,8766195.11,2896394.33,3.377743574608254,2002446,1336842.1600000001
47,48,Bing,Data/Technology,2009.0,10000,WA,7907083.2,4963911.46,2.692977997891751,2141113,1095193.33
48,49,Biovia,Scientific Research,2001.0,10000,CA,9762911.31,7008037.4,2.1537445233758135,3095657,2847782.65
49,50,BizVizz,Governance,2011.0,40000,WI,7079413.9,5866502.23,2.524716331442376,2008506,1590192.1800000002
50,51,BlackRock,Finance & Investment,1988.0,200,GA,11524438.69,4293238.24,4.328719981430645,2162703,1324111.13
51,52,Bloomberg,Finance & Investment,1982.0,4000,NY,10488559.51,5038751.8100000005,2.100385136089833,3382986,1466855.95
52,53,Booz Allen Hamilton,Research & Consulting,1914.0,198,VA,7141564.38,8177131.2,1.8457345567045802,2509568,2008967.93
53,54,Boston Consulting Group,Research & Consulting,1963.0,4500,MA,9883461.81,7241055.12,2.53731320992148,2794059,2756903.35
54,55,Boundless,Geospatial/Mapping,2013.0,4958,NY,10606177.98,1753735.35,3.9882013005978125,2126253,475984.44
55,56,Bridgewater,Finance & Investment,1975.0,900,CT,10615774.6,3625434.2,4.255646177000614,2019880,886024.73
56,57,Brightscope,Finance & Investment,2008.0,10000,CA,13115253.52,5690825.34,3.752618063948021,2759585,1319873.76
57,58,BuildFax,Business & Legal Services,2008.0,500,NC,11734451.18,6184639.14,4.128613002592616,2288036,1362164.72
58,59,Buildingeye,Housing/Real Estate,2011.0,10000,CA,8521914.11,6359634.44,1.9008440887812925,2937736,3607066.59
59,60,BuildZoom,Housing/Real Estate,2010.0,20000,CA,11000950.67,6836116.96,2.873803334140893,2839832,1578035.69
60,61,Business and Legal Resources,Business & Legal Services,1977.0,10000,TN,6266519.85,7701419.31,3.0620811933982717,1542687,1178728.67
61,62,Business Monitor International,Business & Legal Services,1984.0,42745,NY,6449239.38,2824907.65,4.247644286553543,1228978,889379.75
62,63,"Calcbench, Inc.",Finance & Investment,2012.0,500,NY,10344784.26,857022.96,1.6049628687471718,3971183,1518884.78
63,64,Cambridge Information Group,Finance & Investment,1971.0,10000,NY,7033189.82,4487819.359999999,3.8139000572888615,1461017,1622977.6
64,65,Cambridge Semantics,Data/Technology,2007.0,10000,MA,11477995.55,1246134.5699999998,2.241605176968045,3540837,1031664.86
65,66,CAN Capital,Finance & Investment,1998.0,10000,NY,10861352.38,2563131.28,2.963872805452092,2740086,711002.02
66,67,Canon,Data/Technology,1937.0,40000,NY,8631712.36,1115702.13,4.5755013144721115,1548150,644623.67
67,68,Capital Cube,Finance & Investment,2010.0,200,NY,12799720.59,5053578.07,2.934121872535357,3253514,1158174.7
68,69,Cappex,Education,2006.0,4000,IL,11138015.61,1355904.55,3.942961907559907,2253308,620960.03
69,70,Captricity,Data/Technology,2011.0,198,CA,6701303.2,5774514.44,2.430010026989441,1953727,1448020.6600000001
70,71,CareSet Systems,Data/Technology,2013.0,4500,TX,13217517.84,1582609.18,2.938334081717603,3356119,709055.46
71,72,Careset.com,Data/Technology,2013.0,4958,TX,9386845.62,1020325.56,2.5310610661293937,2658364,892592.59
72,73,CARFAX,Transportation,1984.0,900,VA,10644903.02,4247535.13,3.683838265525228,2272688,742996.49
73,74,Caspio,Data/Technology,2000.0,10000,CA,8394674.879999999,914625.04,1.946079870458711,2849439,953127.37
74,75,Castle Biosciences,Scientific Research,2008.0,500,TX,6391672.1,2100301.34,5.721206114592348,950971,1283162.81
75,76,CB Insights,Finance & Investment,2009.0,10000,NY,12546271.73,4494701.33,4.064271474754472,2477409,1540361.45
76,77,Ceiba Solutions,Scientific Research,2006.0,20000,MA,8662228.55,3561941.66,1.9685061357903229,2918043,1159877.12
77,78,Center for Responsive Politics,Research & Consulting,1983.0,10000,DC,9151914.01,2322803.2199999997,3.7054292433452667,1944969,1176665.55
78,79,Cerner,Healthcare,1979.0,42745,MO,11442628.11,2461682.81,4.327698371607282,2147762,659436.18
79,80,Certara,Scientific Research,2008.0,500,MO,7672981.82,5268306.48,4.704225448652185,1345140,1195975.53
80,81,CGI,Business & Legal Services,1976.0,10000,NY,13175719.75,4473108.0,3.2695470573977246,3085976,1660755.8399999999
81,82,Charles River Associates,Research & Consulting,1965.0,10000,MA,13516411.94,5495663.98,2.8015588109887464,3555492,1224457.71
82,83,Charles Schwab Corp.,Finance & Investment,1973.0,10000,CA,7863062.12,4566081.7,1.683807488251822,2929816,2301914.8899999997
83,84,Chemical Abstracts Service,Scientific Research,1907.0,40000,OH,12578100.58,5185192.65,3.698150740780168,2677245,1108928.77
84,85,Child Care Desk,Lifestyle & Consumer,2013.0,200,NY,9930958.03,3931937.98,3.20443791283555,2362018,1341988.4100000001
85,86,Chubb,Insurance,1882.0,4000,NJ,11145899.42,3736808.67,3.697011146757849,2372977,1201787.29
86,87,Citigroup,Finance & Investment,1812.0,198,NY,10508653.81,6142856.85,3.518245909195271,2325826,1662432.32
87,88,CityScan,Geospatial/Mapping,2011.0,4500,IL,10526663.5,5366228.8,2.752434597647515,2805289,1955019.8599999999
88,89,CitySourced,Governance,2007.0,4958,CA,10495226.85,5451533.36,2.7908092290755104,2768598,2432020.84
89,90,Civic Impulse LLC,Governance,2009.0,900,DC,8326075.62,5531264.42,2.3840718476718155,2460372,1655650.4100000001
90,91,Civic Insight,Housing/Real Estate,2012.0,10000,CA,11084725.16,6818692.86,3.3611186930404497,2541716,1266272.17
91,92,Civinomics,Governance,2011.0,500,CA,5554878.25,814270.12,2.212371777003887,1729214,665671.99
92,93,Civis Analytics,Data/Technology,2013.0,10000,IL,11020323.71,1345784.15,3.267148033549176,2582597,577834.15
93,94,Clean Power Finance,Energy,2006.0,20000,CA,6721142.12,5142628.84,2.496928543147211,1922013,1990735.95
94,95,ClearHealthCosts,Healthcare,2011.0,10000,NY,7985801.42,6719875.32,2.145148065091139,2539086,1827934.24
95,96,ClearStory Data,Data/Technology,2011.0,42745,CA,12057824.89,5055929.77,2.6536516108662114,3300212,1201428.0
96,97,Climate Corporation,Food & Agriculture,2007.0,500,CA,7110789.62,7183008.97,1.4579556918860865,2892969,2089668.85
97,98,CliniCast,Healthcare,2011.0,10000,CA,11749701.78,5567492.44,2.0651590518791987,3833309,1866537.34
98,99,Cloudmade,Geospatial/Mapping,2007.0,10000,CA,7257563.67,5230675.66,3.414729507044952,1643943,2055920.32
99,100,Cloudspyre,Lifestyle & Consumer,2010.0,10000,VA,9015499.3,1457964.73,3.8034884235147444,1876865,908481.84
100,101,Code for America,Governance,2009.0,40000,CA,6592930.39,6517471.81,2.9253446635468388,1679580,1883383.13
101,102,Code-N,Data/Technology,2010.0,200,CA,7029071.64,9331521.08,4.353859660080219,1312898,2241254.1399999997
102,103,Collective IP,"Data/Technology,",2011.0,4000,CO,6514500.04,640417.1,2.665150068892106,1777417,597489.56
103,104,"College Abacus, an ECMC initiative",Finance & Investment,1994.0,198,DC,11727069.22,6678161.05,3.2134368643907947,2783255,1783903.14
104,105,College Board,Education,1900.0,4500,NY,9106685.379999999,5603668.88,3.0302397382886883,2259589,2189695.1799999997
105,106,Compared Care,Healthcare,2014.0,4958,MD,8254034.15,4764351.99,2.4099857346352977,2420548,1452213.24
106,107,Compendia Bioscience Life Technologies,Scientific Research,2006.0,900,MI,3237676.0,6321922.98,1.5002594722828,1294936,2061663.38
107,108,Compliance and Risks,Business & Legal Services,2000.0,10000,CA,12218748.53,5907993.1,3.2557265864915252,2871131,1515663.8199999998
108,109,Computer Packages Inc,Data/Technology,1968.0,500,MD,7793137.31,8676308.690000001,2.723582196879566,2092914,2380118.98
109,110,CONNECT-DOT LLC.,Lifestyle & Consumer,2014.0,10000,NJ,10467767.82,5117726.8,2.563600971330896,2937413,1608735.0
110,111,ConnectEDU,Education,2002.0,20000,MA,9641508.81,5451935.07,3.307240844301528,2238442,1080036.58
111,112,Connotate,Data/Technology,2000.0,10000,NJ,9594424.88,5212279.34,3.248520292716019,2258298,1064828.77
112,113,Construction Monitor LLC,Housing/Real Estate,1989.0,42745,UT,12593544.92,2182981.65,4.043005618224993,2497230,684721.26
113,114,Consumer Reports,Lifestyle & Consumer,1936.0,500,NY,9580976.7,3267454.63,2.428866574499921,2794211,852114.51
114,115,CoolClimate,Environment & Weather,2007.0,10000,CA,8064124.5,5040910.95,3.9102507818284558,1642304,1320672.63
115,116,Copyright Clearance Center,Business & Legal Services,1978.0,10000,MA,10654359.79,6432230.66,2.556626970032407,2995636,1332178.31
116,117,CoreLogic,Housing/Real Estate,2010.0,10000,CA,10411489.75,6099049.69,3.000649292013295,2602450,2073037.1
117,118,CostQuest,Business & Legal Services,1990.0,40000,OH,7673340.94,1548896.98,2.320701527074005,2310759,563330.5800000001
118,119,Credit Karma,Finance & Investment,2007.0,200,CA,9973691.62,6108415.16,2.5201927165687823,2833280,2055325.82
119,120,Credit Sesame,Finance & Investment,2010.0,4000,CA,10309411.27,6168333.51,3.399489301503849,2343320,1875662.59
120,121,CrowdANALYTIX,Data/Technology,2012.0,198,CA,6917388.25,4706982.470000001,3.1546199760118245,1664987,879711.48
121,122,Dabo Health,Healthcare,2011.0,4500,CA,4899585.04,2930212.02,3.0072472214747754,1222681,525819.88
122,123,DataLogix,Data/Technology,2002.0,4958,CO,9366670.78,5854498.62,2.6906632355334272,2537937,2849029.66
123,124,DataMade,Governance,2012.0,900,IL,8656766.89,7977296.95,3.280258360127902,2022487,2315405.4699999997
124,125,DataMarket,Data/Technology,2008.0,10000,MA,13521032.24,9496655.06,3.332682382549852,3120707,3711397.84
125,126,Datamyne,Data/Technology,1992.0,500,FL,7856471.91,7742279.82,3.350933494969812,1805698,2138643.45
126,127,DataWeave,Data/Technology,2011.0,10000,NY,10723025.93,4443509.82,2.1505462481030806,3403545,1753405.13
127,128,Deloitte,Research & Consulting,1845.0,20000,NY,10218974.44,4507578.43,3.3986405201075063,2323212,869587.94
128,129,DemystData,Finance & Investment,2011.0,10000,NY,8588902.34,5625354.32,3.153598491552948,2067822,1723217.95
129,130,Department of Better Technology,Governance,2013.0,42745,GA,12786239.41,3483158.12,2.6434073712507318,3509418,881839.24
130,131,Development Seed,Governance,2004.0,500,DC,9693474.78,7146715.46,2.873355424989331,2502604,2148735.45
131,132,"Docket Alarm, Inc.",Business & Legal Services,2012.0,10000,NY,11380215.03,2129953.59,1.87844224835985,3953602,1116183.05
132,133,Dow Jones & Co.,Finance & Investment,1882.0,10000,NY,8954107.82,2782650.98,2.677738008886596,2434678,991444.05
133,134,Dun & Bradstreet,Business & Legal Services,1841.0,10000,NJ,6335838.14,5235326.71,2.1453324377644134,2014362,1544914.56
134,135,Earth Networks,Environment & Weather,1993.0,40000,MD,11164848.82,6671910.15,3.9354880408388984,2262157,1965467.99
135,136,EarthObserver App,Geospatial/Mapping,2011.0,200,NY,6831521.23,8014794.87,2.238263307459857,2109625,1635103.89
136,137,Earthquake Alert!,Geospatial/Mapping,2013.0,4000,VA,10582998.35,6532221.62,2.9675838823768466,2667366,1605918.02
137,138,Eat Shop Sleep,Lifestyle & Consumer,2012.0,198,CA,9246625.88,7206780.52,2.969601027578832,2329359,2212435.6
138,139,Ecodesk,Business & Legal Services,2010.0,4500,NY,8767984.25,2780172.24,2.381976689467793,2592562,870723.38
139,140,eInstitutional,Finance & Investment,2008.0,4958,CT,9511772.11,3513568.55,4.255154650111133,1809989,1294273.48
140,141,Embark,Transportation,2011.0,900,CA,13537375.65,3043132.13,2.5380963102837693,3826175,1129408.49
141,142,EMC,Data/Technology,1979.0,10000,MA,13003717.67,4364945.3,2.7378562078389757,3478924,1850552.54
142,143,"Energy Points, Inc.",Energy,2011.0,500,MA,9550145.94,4377718.720000001,3.812460979348559,1984462,1441631.45
143,144,Energy Solutions Forum,Energy,2011.0,10000,NY,10001838.59,4832967.74,2.8083903941111785,2626264,963234.45
144,145,Enervee Corporation,Energy,2010.0,20000,CA,6728225.15,3330003.34,1.347636461398409,2865957,1965160.1400000001
145,146,Enigma.io,Data/Technology,2011.0,10000,NY,5749792.32,1218674.8,3.4647241593785503,1287827,382914.38
146,147,Ensco,Energy,1987.0,42745,VA,9802813.41,6223688.54,3.5323761097666866,2162842,1946507.76
147,148,Environmental Data Resources,Environment & Weather,1990.0,500,CT,6759409.33,5553130.02,3.744400682804186,1424713,1234905.6400000001
148,149,Epsilon,Data/Technology,1969.0,10000,TX,10683628.38,4266434.390000001,2.452858752351219,3094140,1301866.4100000001
149,150,Equal Pay for Women,Business & Legal Services,2012.0,10000,VA,9976462.16,3924844.85,3.0479540885242002,2464569,653941.13
150,151,Equifax,Finance & Investment,1899.0,10000,GA,7263104.38,4776606.96,2.4325419869515184,2115955,3045320.42
151,152,Equilar,Data/Technology,2000.0,40000,CA,9325992.24,5031477.34,4.003641533800362,1863841,1711713.53
152,153,Ernst & Young LLP,Finance & Investment,1998.0,200,NY,9973680.94,6859159.73,2.708686256077844,2689276,1763153.84
153,154,eScholar LLC.,Education,1997.0,4000,NY,7523914.87,3270064.55,2.893011783686006,1932672,1642104.6
154,155,Esri,Geospatial/Mapping,1969.0,198,CA,9176900.92,2103811.25,4.337154498827232,1719437,757492.28
155,156,Estately,Housing/Real Estate,2007.0,4500,WA,9883330.18,7113934.39,3.7807822071645,2067304,2954505.37
156,157,Everyday Health,Lifestyle & Consumer,2002.0,4958,NY,8203665.02,4492909.1899999995,2.0528354944202722,2687228,1675033.58
157,158,Evidera,Healthcare,2013.0,900,MD,9227935.95,2890166.89,4.554343288244609,1661391,1229704.8900000001
158,159,Experian,Finance & Investment,1980.0,10000,CA,12237292.04,4193800.12,4.555685618440604,2202661,869817.51
159,160,"Expert Health Data Programming, Inc.",Healthcare,1997.0,500,WA,9368605.08,3747188.97,3.0443455257352783,2316470,985722.68
160,161,Exversion,Data/Technology,2013.0,10000,NY,7825064.81,3451322.66,3.4800314258004157,1746654,1242619.79
161,162,Ez-XBRL,Finance & Investment,2009.0,20000,VA,13174517.84,7463078.09,3.0474845967221396,3254989,1825322.4
162,163,Factset,Finance & Investment,1978.0,10000,CT,11036025.98,7232273.35,3.2431158068764,2600925,1365520.78
163,164,Factual,Data/Technology,2007.0,42745,CA,12585634.7,4647739.01,3.0039954264175286,3143269,1238081.23
164,165,Farmers,Insurance,1928.0,500,CA,8572960.7,8003980.21,1.9684766966759,2888000,2595795.96
165,166,FarmLogs,Food & Agriculture,2011.0,10000,MI,11431522.47,5620344.75,2.349946759643881,3412449,1539760.63
166,167,Fastcase,Business & Legal Services,1999.0,10000,DC,7167958.27,5976503.97,2.5702675225795333,2007681,1284251.55
167,168,Fidelity Investments,Finance & Investment,1946.0,10000,MA,8665428.940000001,4212146.57,1.8089265763813551,3084961,2715119.7800000003
168,169,FindTheBest.com,Lifestyle & Consumer,2010.0,40000,CA,5348151.52,7551335.85,4.017150061821395,1065974,1519823.2
169,170,First Fuel Software,Energy,2009.0,200,MA,8124934.16,7400596.92,2.6650658251156254,2216859,2336385.73
170,171,"FirstPoint, Inc.",Business & Legal Services,1941.0,4000,NC,9523765.21,3255749.68,2.479701379163441,2736949,1147030.49
171,172,Fitch,Finance & Investment,1913.0,198,NY,10265177.4,1997511.26,2.2603794044137757,3148461,812961.39
172,173,FlightAware,Transportation,2005.0,4500,TX,11579829.48,3975924.74,3.763466340760693,2430967,1422112.29
173,174,FlightStats,Transportation,2005.0,4958,OR,10371350.71,1260604.03,2.1522952103206747,3290095,385748.14
174,175,FlightView,Transportation,1981.0,900,MA,6845812.62,4390278.109999999,2.309430888963766,2068577,2206364.55
175,176,Food+Tech Connect,Food & Agriculture,2010.0,10000,NY,11308923.9,3149166.72,2.8914314294474157,2906109,1524769.19
176,177,Forrester Research,Research & Consulting,1983.0,500,MA,9804772.1,7136066.96,3.703241402533909,2084684,1179021.22
177,178,Foursquare,Lifestyle & Consumer,2009.0,10000,NY,7571605.37,2260288.04,3.472514851567027,1692919,1104625.42
178,179,Fujitsu,Data/Technology,1935.0,20000,CA,7880295.88,6627873.49,2.3043109491444547,2384853,1277948.94
179,180,Funding Circle,Finance & Investment,2010.0,10000,CA,6512509.59,5049465.66,2.4167228940820085,1906069,1470534.01
180,181,FutureAdvisor,Finance & Investment,2010.0,42745,CA,7575246.48,3177262.08,3.3444640596907074,1743655,1480175.83
181,182,"Fuzion Apps, Inc.",Lifestyle & Consumer,2012.0,500,TX,11779123.07,2334175.3200000003,7.203857402443093,1435803,341282.57
182,183,Gallup,Research & Consulting,1969.0,10000,DC,12757848.71,5168209.91,2.462005064171866,3685104,2875600.69
183,184,Galorath Incorporated,Business & Legal Services,1987.0,10000,CA,12701431.66,3779866.94,4.444157453004429,2333039,624540.4
184,185,Garmin,Geospatial/Mapping,1989.0,10000,KA,12869567.25,6741784.63,4.1835415009414865,2482775,1333610.13
185,186,Genability,Energy,2010.0,40000,CA,12896848.65,7697246.88,3.409192592387464,2924991,1960399.25
186,187,GenoSpace,Healthcare,2011.0,200,MA,11623405.09,2412215.69,4.333975681075807,2179126,947102.62
187,188,Geofeedia,Geospatial/Mapping,2011.0,4000,IL,9517217.76,2571507.37,3.175612017870877,2279239,1243845.35
188,189,Geolytics,Data/Technology,1996.0,198,NJ,9135573.0,5721264.0,3.4287331369655556,2062796,2558747.6
189,190,Geoscape,Lifestyle & Consumer,1995.0,4500,FL,11766528.11,2663411.5300000003,1.791352582822304,4215350,1245582.46
190,191,GetRaised,Finance & Investment,2010.0,4958,NY,11388073.37,3004666.08,3.4126529994648895,2580777,1367455.6099999999
191,192,GitHub,Data/Technology,2008.0,900,CA,8578065.64,7474317.5,3.154389070233725,2064820,1354659.82
192,193,Glassy Media,Governance,2012.0,10000,MA,9266514.22,8175951.11,5.092795383250806,1520897,2123041.77
193,194,Golden Helix,Scientific Research,1998.0,500,MT,14373937.14,1654768.56,3.3203223574503795,3327052,1242292.35
194,195,GoodGuide,Lifestyle & Consumer,2007.0,10000,CA,8680714.02,6170191.12,2.7579417956549124,2309965,1609307.5899999999
195,196,Google Maps,Geospatial/Mapping,2005.0,20000,CA,9725074.2,5649484.24,2.7109326485172596,2620655,1827847.42
196,197,Google Public Data Explorer,Data/Technology,2009.0,10000,CA,10297850.32,9209149.11,2.8991751788031426,2641033,2339449.0300000003
197,198,Government Transaction Services,Finance & Investment,2010.0,42745,VA,9557309.96,6084929.34,2.6745811432471145,2600925,966744.06
198,199,Govini,Governance,2011.0,500,CA,6486024.44,1467958.78,1.999785141083258,2162163,1526813.13
199,200,GovTribe,Governance,2012.0,10000,VA,7546807.8,5547671.28,4.890894912719333,1281097,1094782.94
200,201,"Govzilla, Inc.",Governance,2011.0,10000,IL,10605667.59,4730821.12,1.8401718805065872,3734164,1281210.63
201,202,gRadiant Research LLC,Research & Consulting,2008.0,10000,MA,8761137.52,5460364.24,2.2568158498609527,2690093,1495634.8900000001
202,203,Graebel Van Lines,Transportation,1950.0,40000,CO,5334853.97,4479869.029999999,3.7093155813317087,1132830,1148481.05
203,204,"Graematter, Inc.",Data/Technology,2000.0,200,MO,10848708.7,6406315.94,2.7518636012770994,2891552,1764310.22
204,205,Granicus,Governance,1999.0,4000,CA,2360514.24,4494399.0,2.3108416822705187,712965,1293033.09
205,206,GreatSchools,Education,1998.0,198,CA,11475451.02,1616963.48,2.6652325774148142,3130893,1110032.85
206,207,GuideStar,Governance,1994.0,4500,DC,5490134.15,2637595.82,2.277621585446522,1675036,1384812.32
207,208,H3 Biomedicine,Scientific Research,2010.0,4958,MA,7883983.73,6874310.94,2.7293358135706667,2114045,1625616.13
208,209,Harris Corporation,Environment & Weather,1895.0,900,FL,7972636.44,4036437.72,3.225778285198183,1886667,1501732.6099999999
209,210,"HDScores, Inc",Lifestyle & Consumer,2012.0,10000,MD,7197513.21,7026435.17,1.9935629510092208,2404330,2136369.6799999997
210,211,Headlight,Data/Technology,2011.0,500,TX,11588074.74,2187930.62,4.099720608582685,2272296,699654.81
211,212,Healthgrades,Healthcare,1998.0,10000,CO,6357155.86,3517290.13,3.0516858411168792,1569015,1205243.28
212,213,Healthline,Healthcare,2005.0,20000,CA,9576849.14,6591208.59,1.5785120805880513,3714099,4320617.07
213,214,HealthMap,Healthcare,2006.0,10000,MA,10059305.09,1179014.46,2.410798768636929,2949252,1028729.39
214,215,"HealthPocket, Inc.",Healthcare,2012.0,42745,CA,10934791.54,2747583.42,2.294061370421928,3319547,1490959.98
215,216,HelloWallet,Finance & Investment,2009.0,500,DC,8902413.26,3693462.57,2.3064223622923414,2692461,1351703.4100000001
216,217,HERE,Geospatial/Mapping,2012.0,10000,IL,8733267.99,5787917.26,3.636920065625299,1883420,2105106.91
217,218,Honest Buildings,Housing/Real Estate,2011.0,10000,NY,14062251.42,6529494.02,2.878702497638949,3625504,1905055.8599999999
218,219,HopStop,Transportation,2005.0,10000,NY,9071572.18,6409801.58,3.9286888428281532,1840565,1448354.98
219,220,Housefax,Housing/Real Estate,2002.0,40000,VA,10411090.94,2647233.0700000003,2.8760360385180275,2686015,1113876.01
220,221,How's My Offer?,Education,2014.0,200,WA,9405009.4,3360367.69,3.8879384198332128,1924126,1341656.19
221,222,IBM,Data/Technology,1912.0,4000,NY,11869816.27,2722394.42,3.4240868871314847,2682998,602388.4
222,223,ideas42,Research & Consulting,2008.0,198,NY,9686576.05,3946608.7,3.8322439314945695,2004571,985454.38
223,224,iFactor Consulting,Research & Consulting,2004.0,4500,AZ,8652891.99,4375248.1899999995,2.108029898234367,2784044,1498850.54
224,225,IFI CLAIMS Patent Services,Data/Technology,1955.0,4958,CT,9245754.12,5853220.03,2.822687305702802,2418653,1139656.8
225,226,iMedicare,Healthcare,2012.0,900,NY,7799806.74,3758573.29,3.36558220678932,1786659,807524.79
226,227,Impact Forecasting (Aon),Insurance,1987.0,10000,IL,9908582.92,3963033.66,4.231749444146123,1893933,913628.22
227,228,Impaq International,Research & Consulting,2001.0,500,MD,10928301.27,5746010.41,3.222266071156049,2588255,1492023.75
228,229,Import.io,Data/Technology,2012.0,10000,CA,8519379.690000001,4903314.81,2.1816712272696552,2677643,2194012.69
229,230,IMS Health,Healthcare,1954.0,20000,CT,11002421.01,1566327.65,2.1112188515342,3536370,849374.31
230,231,InCadence,Data/Technology,2012.0,10000,VA,7100578.69,3729562.8,1.7581714619331499,2574379,1095981.03
231,232,indoo.rs,Geospatial/Mapping,2010.0,42745,CA,16014589.81,1137091.3199999998,3.6266288042826664,3461395,698099.26
232,233,InfoCommerce Group,Research & Consulting,2000.0,500,PA,6711853.39,5938248.8,2.4381289193323163,1952182,1980035.22
233,234,Informatica,Data/Technology,1993.0,10000,CA,7775290.57,5115642.96,1.3327847578689915,3333051,2546067.5300000003
234,235,InnoCentive,Scientific Research,2001.0,10000,MA,7640008.35,2144866.48,3.034881805554822,1893490,1136931.62
235,236,Innography,Business & Legal Services,2007.0,10000,TX,10602987.7,2210857.42,3.179393551672705,2536968,1055842.28
236,237,Innovest Systems,Finance & Investment,2000.0,40000,NY,11348187.7,584644.71,4.893888749236528,1925416,198319.7
237,238,Inovalon,Healthcare,1998.0,200,MD,9028664.8,5799037.61,3.2525156431409217,2123135,1822937.86
238,239,Inrix Traffic,Transportation,2005.0,4000,WA,6269636.88,6718783.8,2.402296808167722,1842766,1401635.46
239,240,Intelius,Business & Legal Services,2003.0,198,WA,8841469.309999999,3969559.07,2.520963098155624,2511094,979399.67
240,241,Intermap Technologies,Geospatial/Mapping,1996.0,4500,CO,9892116.78,1784871.52,3.494706686592419,2200837,723556.81
241,242,Investormill,Finance & Investment,2012.0,4958,NY,10936984.45,2046907.53,4.335835354338123,2049723,583337.77
242,243,Iodine,Healthcare,2013.0,900,CA,11264450.75,1643407.37,2.495928278612845,3222163,675425.48
243,244,IPHIX,Data/Technology,2004.0,10000,VA,9732912.66,7002059.6,2.480564970175514,2796360,2820783.7
244,245,iRecycle,Environment & Weather,2009.0,500,AZ,9321969.42,2780162.48,3.5326319060017943,2056635,538187.5800000001
245,246,iTriage,Healthcare,2008.0,10000,CO,10198675.87,2687046.1799999997,4.16429966042853,1974842,843849.97
246,247,IVES Group Inc,Data/Technology,2000.0,20000,MA,6966967.66,2018761.13,3.0974570359021714,1700315,1163199.65
247,248,IW Financial,Finance & Investment,2001.0,10000,ME,11683717.12,6076496.97,3.509047303691148,2591172,1586090.56
248,249,JJ Keller,Business & Legal Services,1953.0,42745,WI,9127419.49,4472282.18,2.7742327271764937,2418351,1324201.0
249,250,J.P. Morgan Chase,Finance & Investment,1799.0,500,NY,9615337.47,3199333.95,3.3464122541470283,2212247,978151.08
250,251,"Junar, Inc.",Data/Technology,2010.0,10000,TX,7911871.98,4701754.12,3.985602503932086,1586944,843009.56
251,252,Junyo,Education,2011.0,10000,CA,8311831.65,3039490.46,2.189233605349672,2606216,670366.12
252,253,Jurispect,Business & Legal Services,2013.0,10000,CA,9243555.02,5824059.8,3.906928966076646,1883776,2002344.81
253,254,Kaiser Permanante,Healthcare,1945.0,40000,CA,7741476.09,2987825.39,2.2351046778884727,2392960,883824.67
254,255,karmadata,Healthcare,2011.0,200,MA,9046639.79,5891238.44,3.9795897440696097,1816744,1880382.89
255,256,Keychain Logistics Corp.,Transportation,2012.0,4000,CA,9565049.58,3926066.52,2.6935399413824928,2589670,1951966.14
256,257,"KidAdmit, Inc.",Education,2012.0,198,CA,10114626.07,4362303.4,2.426297686663909,2952057,1815853.53
257,258,Kimono Labs,Data/Technology,2014.0,4500,CA,6405295.08,5290155.34,1.9084267294125339,2202323,1517543.8
258,259,KLD Research,Finance & Investment,1988.0,4958,NY,11770868.83,4340415.4,4.7062164227039265,2062815,1005867.34
259,260,Knoema,Data/Technology,2011.0,900,DC,9346073.61,5953777.55,3.0584583668242526,2302863,1232800.0899999999
260,261,Knowledge Agency,Research & Consulting,1989.0,10000,NY,6528494.33,3841993.63,3.4257887957654485,1475103,993265.14
261,262,KPMG,Business & Legal Services,1987.0,500,NY,9107104.49,4941349.42,2.003823915995484,3031837,1708327.8
262,263,Kroll Bond Ratings Agency,Finance & Investment,2010.0,10000,NY,5461620.92,3097336.92,2.094818352379328,1764763,1402338.68
263,264,Kyruus,Healthcare,2010.0,20000,MA,7151824.65,2537561.1,1.7763208227614202,2576008,959477.98
264,265,Lawdragon,Business & Legal Services,2005.0,10000,NY,9828616.06,1551858.58,2.5581238046658896,2762303,1072102.66
265,266,Legal Science Partners,Business & Legal Services,2013.0,42745,PA,8785888.09,1959970.02,3.1118478465876516,2136725,1068827.88
266,267,(Leg)Cyte,Governance,2006.0,500,DC,6669417.51,4390854.92,2.731585234164835,1787288,1119554.01
267,268,"LegiNation, Inc.",Governance,2011.0,10000,CO,7213578.55,7273046.23,2.5096492043227547,2055356,2854363.51
268,269,LegiStorm,Governance,2006.0,10000,DC,8384784.68,6219713.53,2.3863442132615633,2476058,1150277.3399999999
269,270,Lenddo,Finance & Investment,2011.0,10000,NY,7355930.49,5118770.72,1.785516423569115,2640778,1833624.8900000001
270,271,Lending Club,Finance & Investment,2006.0,40000,CA,11707694.02,4289831.51,3.0044389346436455,2923679,1142995.4300000002
271,272,Level One Technologies,Data/Technology,1999.0,200,MO,7993867.43,1484690.2,3.8093567002717563,1662149,999491.85
272,273,LexisNexis,Business & Legal Services,1977.0,200,NY,9918712.11,6954356.44,1.853138935128973,3476421,2270061.29
273,274,Liberty Mutual Insurance Cos.,Insurance,1912.0,4000,MA,13715974.98,3033724.56,4.213912984970629,2630649,460182.06
274,275,Lilly Open Innovation Drug Discovery,Scientific Research,1876.0,198,IN,10652454.75,5994104.86,2.907910043398988,2725870,1625974.37
275,276,Liquid Robotics,Geospatial/Mapping,2007.0,4500,CA,8910133.33,5879146.81,2.434592548163561,2594233,1211135.99
276,277,Locavore,Food & Agriculture,2009.0,4958,WI,11087327.08,5751161.12,3.6746762796796504,2371785,1293985.3599999999
277,278,"LOGIXDATA, LLC",Finance & Investment,2009.0,900,CA,5892654.1,4026606.99,3.173926972885944,1411777,843490.54
278,279,LoopNet,Housing/Real Estate,1995.0,10000,CA,10332373.74,3549918.02,2.9125211825898347,2640848,1424329.4
279,280,"Loqate, Inc.",Geospatial/Mapping,2009.0,500,CA,8939874.54,1685247.0699999998,3.3229755545357786,2067991,765991.02
280,281,LoseIt.com,Lifestyle & Consumer,2008.0,10000,MA,11571649.65,6550752.99,2.0442905196628662,3801099,1828836.86
281,282,LOVELAND Technologies,Data/Technology,2010.0,20000,MI,8655050.89,3653774.85,4.1138789385646835,1692463,713473.78
282,283,Lucid,Energy,2004.0,10000,CA,13168510.7,4292547.0,4.100596415079796,2581759,1036514.97
283,284,"Lumesis, Inc.",Data/Technology,2010.0,42745,CT,10842826.53,3695458.01,3.60690938268636,2353601,1292259.5699999998
284,285,Mango Transit,Geospatial/Mapping,2011.0,500,WA,9046479.08,5556704.17,3.2034885713542267,2152136,1142548.75
285,286,Mapbox,Geospatial/Mapping,2011.0,10000,DC,12436518.86,6525320.12,2.1295815303005137,3973860,2535064.54
286,287,Maponics,Geospatial/Mapping,2001.0,10000,VT,7133084.59,4832701.66,3.143882509862881,1721353,1169966.3599999999
287,288,MapQuest,Geospatial/Mapping,1967.0,10000,CO,11363989.94,8237085.95,4.353420741838546,2122753,1722034.9
288,289,"Marinexplore, Inc.",Geospatial/Mapping,2012.0,40000,CA,6359654.49,4958926.58,2.0359766016601393,2094764,1982867.68
289,290,MarketSense,Business & Legal Services,2013.0,200,WA,10262799.37,4114421.6,4.781510280788707,1775107,1359280.0699999998
290,291,Marlin & Associates,Finance & Investment,2002.0,4000,NY,7971250.69,7739934.84,3.498440854784106,1772003,1707058.17
291,292,Marlin Alter and Associates,Business & Legal Services,"<bound method NDFrame._add_numeric_operations.<locals>.mean of 0      2010.0
1      2014.0
2      2007.0
3      1965.0
4      1999.0
        ...  
524    2006.0
525    2007.0
526    2003.0
527    2011.0
528    1912.0
Name: Year Founded, Length: 529, dtype: float64>",198,FL,7464558.92,4528957.57,2.7476542114022777,1991795,1459735.73
292,293,McGraw Hill Financial,Finance & Investment,1919.0,4500,NY,7658807.86,4730140.59,3.0030397836558564,1913248,1714101.72
293,294,McKinsey,Research & Consulting,1926.0,4958,NY,9207437.11,1099551.3900000001,3.3838404609217765,2100313,818199.8200000001
294,295,MedWatcher,Healthcare,2010.0,900,MA,8745021.59,4917395.029999999,4.523702968896165,1583181,947127.58
295,296,Mercaris,Food & Agriculture,2012.0,10000,MD,9582533.62,7021378.61,5.196956546763333,1546329,1607310.85
296,297,Merrill Corp.,Data/Technology,1968.0,500,MN,10216024.96,1500715.77,2.8146497576829574,2678103,573363.46
297,298,Merrill Lynch,Finance & Investment,1914.0,10000,NY,10992534.65,2797075.09,3.188126845456035,2624690,996896.59
298,299,MetLife,Insurance,1868.0,20000,NY,8867001.15,7773940.44,2.7542227697159123,2361874,2167562.35
299,300,mHealthCoach,Healthcare,2010.0,10000,IL,7614594.73,3779469.72,2.7695640290690196,2020020,1016609.75
300,301,MicroBilt Corporation,Business & Legal Services,1978.0,42745,GA,10232268.32,5807461.59,2.8449496039978612,2661223,1806904.99
301,302,Microsoft Windows Azure Marketplace,Data/Technology,2010.0,500,WA,9477358.1,4391171.15,3.086179516928958,2319369,1511393.8
302,303,Mint,Finance & Investment,2006.0,10000,CA,9168290.29,6289318.53,2.5065760715123044,2614599,1467047.25
303,304,Moody's,Finance & Investment,1909.0,10000,NY,8145507.73,4942756.97,2.858884821007701,2110845,1250718.55
304,305,Morgan Stanley,Finance & Investment,1935.0,10000,NY,11022723.42,5285101.34,3.4266187783623145,2490100,2235113.54
305,306,"Morningstar, Inc.",Finance & Investment,1984.0,40000,IL,11222074.62,2946326.23,2.515101687312766,3192532,1511925.1400000001
306,307,Mozio,Transportation,2011.0,200,CA,11848398.01,6143112.21,3.4800333684726352,2644712,2002846.1
307,308,MuckRock.com,Business & Legal Services,2010.0,4000,MA,11650188.58,6142991.13,4.2815920591528736,2205810,1129312.27
308,309,Munetrix,Governance,2010.0,198,MI,7720762.8,2529156.68,5.282472413150552,1228937,745118.15
309,310,Municode,Business & Legal Services,1951.0,4500,FL,8110348.07,4782530.970000001,3.2934429446566664,1889008,1604765.81
310,311,National Van Lines,Transportation,1901.0,4958,IL,9969923.75,4766281.0,4.358808427314759,1860474,1105841.3599999999
311,312,Nationwide Mutual Insurance Company,Insurance,1926.0,900,OH,9028179.21,3198518.44,3.288336559338466,2105287,642471.73
312,313,Nautilytics,Data/Technology,2013.0,10000,MA,10330143.3,1214541.26,3.2907088543135568,2407561,1009177.71
313,314,Navico,Geospatial/Mapping,2005.0,500,NH,8389334.59,5693120.46,2.7563029808337234,2233402,2002156.11
314,315,NERA Economic Consulting,Research & Consulting,1961.0,10000,NY,7235821.72,7798031.82,1.931685395989861,2468144,3356885.13
315,316,NerdWallet,Finance & Investment,2009.0,20000,CA,11222363.48,4298488.17,3.7113572610360874,2381981,1020539.6
316,317,New Media Parents,Geospatial/Mapping,2009.0,10000,CA,9070150.52,7876543.28,1.9535122669670275,3070971,2374961.49
317,318,Next Step Living,Energy,2008.0,42745,MA,8314600.18,5576044.04,3.8394072881544354,1718103,1660564.6800000002
318,319,NextBus,Transportation,1997.0,500,CA,9546745.26,5959277.0,1.260815416676534,4222700,2077952.83
319,320,nGAP Incorporated,Governance,2008.0,10000,CA,8135489.19,5932384.4,3.578511940840291,1776885,1741782.55
320,321,Nielsen,Research & Consulting,1964.0,10000,NY,13498887.71,3899011.96,3.9505010723302134,2726772,1076979.6099999999
321,322,Noesis,Energy,1986.0,10000,TX,11163967.01,5680326.7,4.186707146703314,2152419,1457329.07
322,323,NonprofitMetrics,Data/Technology,2013.0,40000,DC,5273283.42,3208358.48,3.5418424092089453,1161045,818230.06
323,324,North American Van Lines,Transportation,1933.0,200,IN,13071130.13,2954867.84,4.261953859834796,2484083,1067985.16
324,325,Noveda Technologies,Data/Technology,2007.0,4000,NJ,10093879.34,4924327.13,3.622501575351248,2183640,919386.07
325,326,NuCivic,Governance,2011.0,198,NY,14931371.31,7067867.22,3.6751818268920067,3193752,1878844.51
326,327,Numedii,Scientific Research,2008.0,4500,CA,6060927.07,6706931.45,2.5249281135155663,1719447,2575371.62
327,328,Oliver Wyman,Research & Consulting,1984.0,4958,NY,11489406.95,2132290.6799999997,2.5344049941966933,3250733,565390.38
328,329,OnDeck,Finance & Investment,2007.0,900,NY,6528242.35,5471416.03,2.4576895514704167,1888036,2352190.81
329,330,OnStar,Geospatial/Mapping,1995.0,10000,MI,12465510.96,5437089.44,3.459075648077633,2795537,1323131.56
330,331,"Ontodia, Inc",Data/Technology,2011.0,500,NY,11232689.44,4746133.37,2.6069087843967096,3114215,1472832.92
331,332,Onvia,Governance,2000.0,10000,WA,10552853.54,5123250.140000001,2.0067139974978363,3509763,1913559.63
332,333,Open Data Nation,Research & Consulting,2015.0,20000,DC,10993247.13,602390.96,1.9623409135004044,3711000,1008547.33
333,334,OpenCounter,Governance,2013.0,10000,CA,11666429.47,6457133.31,3.7789223406599803,2441226,1903427.46
334,335,OpenGov,Governance,2012.0,42745,CA,7020942.02,8275556.58,1.5682232766863682,2733774,3069025.47
335,336,OpenPlans,Governance,1999.0,500,NY,11097871.32,4091490.74,3.461373305257471,2487546,674513.98
336,337,"OpportunitySpace, Inc.",Housing/Real Estate,2013.0,10000,MA,9935750.5,5236079.44,2.556938943767378,2793343,1097948.33
337,338,Optensity,Data/Technology,2010.0,10000,VA,9689462.63,1682572.33,3.331705745081297,2236870,1215546.84
338,339,optiGov,Governance,2013.0,10000,NJ,10508756.7,2324253.29,3.927980925378915,2132467,1139338.9
339,340,OptumInsight,Healthcare,1993.0,40000,MN,8558754.469999999,6608529.81,3.139951933774347,2067356,1528222.96
340,341,Orlin Research,Data/Technology,2005.0,200,CA,9060783.9,6755771.33,2.1036480466178302,2919398,2092948.31
341,342,OSIsoft,Data/Technology,1980.0,4000,CA,10627795.41,6585434.49,3.480860862122758,2371820,2323561.4699999997
342,343,OTC Markets,Finance & Investment,1997.0,198,NY,11209569.33,4202473.18,2.0322546721103274,3696777,1513443.33
343,344,Outline,Governance,2012.0,4500,NJ,10188144.49,6643190.25,3.4314738443229835,2299042,1450644.35
344,345,Oversight Systems,Business & Legal Services,2003.0,4958,GA,8351508.86,2290864.54,1.668207726053009,3130007,1071290.51
345,346,Overture Technologies,Data/Technology,2000.0,900,MD,8652030.379999999,6153353.49,3.724199029391272,1831428,1956152.88
346,347,Owler,Business & Legal Services,2011.0,10000,CA,7601574.97,3839612.05,2.5943988975047274,2114839,1190062.3599999999
347,348,Palantir Technologies,Data/Technology,2004.0,500,CA,9005679.99,9503161.92,3.006932065271799,2247525,2332901.1799999997
348,349,Panjiva,Business & Legal Services,2006.0,10000,NY,10702003.53,6173973.64,3.604903747560826,2324045,1792509.0699999998
349,350,Parsons Brinckerhoff,Transportation,1885.0,20000,NY,10254982.75,6288238.07,1.5166355287201236,4074878,5370903.96
350,351,Patently-O,Media,2004.0,10000,MO,13024248.31,3667549.14,4.947669502380804,2189807,1066456.97
351,352,PatientsLikeMe,Healthcare,2004.0,42745,MA,4765791.08,2230126.9299999997,2.095240343024298,1539716,904058.38
352,353,Pave,Finance & Investment,2012.0,500,NY,10814045.86,3212283.69,3.548437184809445,2377530,744866.03
353,354,Paxata,Data/Technology,2012.0,10000,CA,8690492.5,5344411.96,3.40234689034117,1974059,1187355.81
354,355,"PayScale, Inc.",Business & Legal Services,2001.0,10000,WA,8830992.43,7021809.75,4.9238746439702,1490746,2317571.34
355,356,PeerJ,Scientific Research,2012.0,10000,CA,9263673.85,2541880.49,3.8992139774249557,1890849,797185.0
356,357,People Power,Data/Technology,2009.0,40000,CA,9775233.21,6567905.05,4.423676521339647,1802326,1378948.79
357,358,Persint,Finance & Investment,2012.0,200,GA,12671642.71,4773807.4,4.676903200516097,2232140,846508.76
358,359,Personal Democracy Media,Governance,2004.0,4000,NY,10751161.41,4726700.16,2.8963774888367255,2759271,2041374.87
359,360,"Personal, Inc.",Lifestyle & Consumer,2009.0,198,DC,8890299.24,5943655.24,3.1104291531968724,2162864,975922.71
360,361,Personalis,Scientific Research,2011.0,4500,CA,7006542.74,7127441.29,3.0118311451098503,1746470,1546702.94
361,362,Peterson's,Education,1966.0,4958,NJ,13684309.29,7030987.14,4.18357811461267,2639935,1007248.04
362,363,PEV4me.com,Energy,2011.0,900,CA,10612685.61,3115024.74,3.9375452094436314,2149385,728229.15
363,364,PIXIA Corp,Data/Technology,1999.0,10000,VA,11039794.91,5994242.86,2.670853615675102,3007419,2285254.4
364,365,PlaceILive.com,Housing/Real Estate,2012.0,500,AL,10046226.44,3103980.78,3.2215523078713826,2379747,1150088.71
365,366,PlanetEcosystems,Energy,2009.0,10000,CA,12082729.72,6065350.32,4.615170603601356,2151801,936753.45
366,367,PlotWatt,Energy,2008.0,20000,NC,10494388.75,5419820.77,4.6898042474056885,1844420,1141602.21
367,368,Plus-U,Education,2008.0,10000,NY,11115835.39,6096568.93,3.97285841593593,2235301,1993725.68
368,369,PolicyMap,Geospatial/Mapping,2007.0,42745,PA,10693238.45,1615715.06,4.30197921103271,2016839,689220.87
369,370,Politify,Governance,2011.0,500,CA,12350504.46,1761758.27,4.6189099123076405,2198025,508544.37
370,371,Poncho App,Environment & Weather,2013.0,10000,NY,10559660.63,3749204.62,3.5672324406759723,2312048,1269006.1099999999
371,372,POPVOX,Governance,2010.0,10000,CA,9035133.43,6207952.43,2.5580132402605993,2539376,1418757.74
372,373,Porch,Housing/Real Estate,2012.0,10000,WA,12305367.08,2120906.3899999997,3.6931421451424855,2621989,648996.34
373,374,PossibilityU,Education,2010.0,40000,ME,11186010.98,5584452.76,5.369683264308569,1756133,1010339.83
374,375,PowerAdvocate,Energy,2000.0,200,MA,10897936.05,2552931.75,2.681648086024993,2960070,1245155.9
375,376,Practice Fusion,Healthcare,2005.0,4000,CA,11113650.67,8768068.219999999,2.5132846640335695,3163322,2439574.7800000003
376,377,Predilytics,Healthcare,2012.0,198,NH,10174506.41,1214187.3,3.537642590350296,2242245,898617.83
377,378,PricewaterhouseCoopers (PWC),Finance & Investment,1998.0,4500,NY,11450887.07,4027924.41,4.09118158726743,2249161,963347.97
378,379,ProgrammableWeb,Data/Technology,2005.0,4958,WA,10665517.13,5285519.05,2.990901683019902,2672458,1735350.92
379,380,Progressive Insurance Group,Insurance,1937.0,900,OH,10218757.11,4833081.18,3.4232524772360917,2310236,790043.63
380,381,Propeller Health,Healthcare,2010.0,10000,WI,15727027.03,2586748.04,3.7332839640455227,3322646,553591.62
381,382,ProPublica,Governance,2007.0,500,NY,7569846.05,5300245.36,3.251709733187151,1780424,1843836.69
382,383,PublicEngines,Governance,2007.0,10000,UT,3808452.46,5323539.99,1.8787576703579123,1322950,2515011.9
383,384,PYA Analytics,Research & Consulting,2013.0,20000,TN,12016802.58,5716614.58,2.875240357855319,3100918,1746417.04
384,385,"Qado Energy, Inc.",Energy,2009.0,10000,NJ,8709183.9,6343861.25,1.5750474624831283,3382145,2449326.04
385,386,Quandl,Data/Technology,2011.0,42745,NY,10101107.23,2970906.66,2.0681591969229434,3292237,1376334.93
386,387,Quertle,Data/Technology,2008.0,500,NV,10691621.04,5581834.26,3.4444143927310544,2405631,2287074.62
387,388,Quid,Data/Technology,1999.0,10000,CA,11095306.67,6365934.26,2.7985904589029205,2920901,1131479.58
388,389,R R Donnelley,Business & Legal Services,1864.0,10000,IL,10729508.82,3344728.25,3.2525777508263776,2523060,694261.88
389,390,RAND Corporation,Research & Consulting,1946.0,10000,CA,6695872.19,3470072.33,2.6903040535699527,1814450,755417.94
390,391,Rand McNally,Geospatial/Mapping,1856.0,40000,IL,7684977.92,5811499.46,2.4854862845607255,2204851,1325202.77
391,392,Rank and Filed,Finance & Investment,2013.0,200,NY,8548351.02,4392763.07,3.0186213328883005,2127185,1479809.08
392,393,Ranku,Education,2013.0,4000,NY,8370166.46,8108197.16,2.8254192269881844,2188039,1251128.83
393,394,Rapid Cycle Solutions,Data/Technology,2013.0,198,VA,8724088.32,3457821.82,1.821813627630464,3091660,1682412.15
394,395,realtor.com,Housing/Real Estate,1996.0,4500,CA,11695512.22,4561535.82,3.2925470113326356,2724609,807269.67
395,396,Recargo,Energy,2010.0,4958,CA,6329274.05,4612388.779999999,1.9191092836016255,2168221,4499955.21
396,397,ReciPal,Food & Agriculture,2011.0,900,NY,10701756.12,727912.46,3.655058531017611,2298952,573908.92
397,398,Redfin,Housing/Real Estate,2004.0,10000,WA,4952043.87,5144020.6,1.5168656304509582,1967544,1349300.87
398,399,RedLaser,Lifestyle & Consumer,2003.0,500,CA,8546681.25,1946645.62,5.020731510585809,1419542,808740.48
399,400,Reed Elsevier,Business & Legal Services,1880.0,10000,NY,9001043.84,8111643.94,3.1654644555860267,2160874,2289556.69
400,401,REI Systems,Data/Technology,1989.0,20000,VA,12292504.93,4859804.0600000005,2.6862533856240822,3334688,1490726.88
401,402,Relationship Science,Business & Legal Services,2010.0,10000,NY,8638943.940000001,3142593.29,3.4489978694728998,1941773,1226354.05
402,403,Remi,Governance,1980.0,42745,MA,8752453.969999999,8579570.83,4.304732961883906,1649933,1885418.77
403,404,Retroficiency,Energy,2009.0,500,MA,11836582.77,4382955.4,4.714785032596715,2071221,939409.66
404,405,Revaluate,"Housing/Real Estate,",2014.0,10000,NY,6172620.14,2640229.88,1.863802629033313,2155393,684346.0700000001
405,406,Revelstone,Governance,2010.0,10000,NJ,11337004.41,4916471.35,4.125707699590333,2211793,1670926.98
406,407,Rezolve Group,Education,2007.0,10000,CA,6320339.78,8045375.6,3.3549115731754626,1451313,2792717.66
407,408,Rivet Software,Finance & Investment,2003.0,40000,CO,12336816.01,4928427.5,2.2543040336087015,3790923,2563454.9
408,409,Roadify Transit,Transportation,2010.0,200,NY,9360040.22,1779091.74,1.972386841782688,3148998,850028.21
409,410,Robinson + Yu,Research & Consulting,2011.0,4000,DC,8438093.46,6887134.6,3.8151805244710957,1752394,1556347.3599999999
410,411,Russell Investments,Finance & Investment,1936.0,198,WA,11193971.71,4193655.62,1.7514723290016094,4068357,1590169.78
411,412,Sage Bionetworks,Scientific Research,2009.0,4500,WA,10591418.77,901699.3300000001,4.545913261806395,1909770,806155.86
412,413,SAP,Data/Technology,1972.0,4958,PA,11751037.72,3642225.63,2.2258663966877807,3642754,1631813.9300000002
413,414,SAS,Data/Technology,1976.0,900,NC,8236122.23,1848643.59,3.595011858369063,1792405,1097708.54
414,415,Scale Unlimited,Data/Technology,2006.0,10000,CA,5105119.13,1572122.05,2.6504639878153857,1398485,321366.65
415,416,Science Exchange,Scientific Research,2011.0,500,CA,10435276.34,6212158.29,2.55315783093886,2936902,1714210.1800000002
416,417,Seabourne,Data/Technology,2010.0,10000,DC,12607215.18,3476964.23,3.343948270444152,2902248,1484524.28
417,418,SeeClickFix,Governance,2008.0,20000,CT,12165976.39,7300826.95,4.126842350345302,2372996,1460792.8399999999
418,419,SigFig,Finance & Investment,2008.0,10000,CA,9165308.61,2637942.83,1.9290221358227957,3129136,827340.99
419,420,Simple Energy,Energy,2010.0,42745,CO,11863949.12,3196081.88,2.3754486045629637,3514777,847874.29
420,421,SimpleTuition,Education,2006.0,500,MA,7442107.76,7756690.58,2.359519219223286,2215230,2014140.75
421,422,SlashDB,Data/Technology,2010.0,10000,NJ,7903438.98,4206620.41,1.289793927095713,3451594,2417250.4699999997
422,423,Smart Utility Systems,Energy,2009.0,10000,CA,8884638.58,4406600.27,2.847509683040648,2309192,1184480.3900000001
423,424,SmartAsset,Finance & Investment,2010.0,10000,NY,7342043.18,5669997.46,1.4899896290608772,2948624,2826502.39
424,425,SmartProcure,Governance,2011.0,40000,FL,9425850.19,4679805.04,2.5809031381838006,2632255,1312405.7
425,426,Smartronix,Data/Technology,1995.0,200,MD,12082793.35,6338110.98,3.8897049170642006,2471068,1435649.34
426,427,SnapSense,Research & Consulting,2011.0,4000,IL,11448978.96,6975493.07,3.1538667639979656,2756222,1598086.73
427,428,Social Explorer,Data/Technology,2007.0,198,NY,10099012.64,5891329.67,2.618000862673054,2791324,1601671.34
428,429,Social Health Insights,Healthcare,2012.0,4500,IN,9801619.1,3873976.34,3.9456941976911457,1981849,825701.72
429,430,SocialEffort Inc,Lifestyle & Consumer,2013.0,4958,NY,11587103.11,544564.08,3.0726136689153067,2845127,257292.95
430,431,Socrata,Data/Technology,2007.0,900,WA,10116668.52,4194385.67,1.516169854615981,4020662,1662647.17
431,432,Solar Census,Energy,2006.0,10000,CA,13091543.12,3520839.76,4.69761838899571,2297722,629259.3300000001
432,433,SolarList,Energy,2013.0,500,NY,8622373.77,2136523.77,3.3028694383756196,2003866,1194823.06
433,434,Sophic Systems Alliance,Scientific Research,1993.0,10000,MA,10540918.55,8344317.77,3.5172951688009815,2333458,1819763.05
434,435,S&P Capital IQ,Finance & Investment,2010.0,20000,NY,10234390.75,3821210.09,3.1624094159427942,2458766,1065867.57
435,436,SpaceCurve,Data/Technology,2009.0,10000,WA,13607978.3,3113195.43,3.726595897288768,2879023,1149976.0899999999
436,437,SpeSo Health,Healthcare,2013.0,42745,PA,7514860.17,7934561.69,3.9780110041593497,1509611,1408865.34
437,438,Spikes Cavell Analytic Inc,Data/Technology,2003.0,500,VA,11328576.8,4664299.26,2.354686030937467,3376941,1445481.63
438,439,Splunk,Data/Technology,2003.0,10000,CA,8172369.24,6954496.02,2.8936828850067107,2098879,2142875.9699999997
439,440,Spokeo,Lifestyle & Consumer,2006.0,10000,CA,7417312.35,7133676.89,2.9083040719051296,1897834,1257433.94
440,441,SpotCrime,Governance,2007.0,10000,MD,7991440.05,6029164.82,1.7081475305060714,2950888,1430519.84
441,442,SpotHero.com,Transportation,2010.0,40000,IL,8203963.73,2448078.84,4.392693361186503,1521311,783874.54
442,443,Stamen Design,Geospatial/Mapping,2001.0,200,CA,12304985.31,4312861.609999999,3.297624868765992,2863206,1159108.4
443,444,Standard and Poor's,Finance & Investment,1860.0,4000,NY,9254063.18,4895243.88,3.9135088075132525,1883392,1669195.74
444,445,State Farm Insurance,Insurance,1922.0,198,IL,5843751.41,433895.15,2.1486849262958705,1855934,769863.72
445,446,Sterling Infosystems,Business & Legal Services,1976.0,4500,NY,8778213.879999999,4287319.57,1.9031624385308858,3023673,1226032.42
446,447,Stevens Worldwide Van Lines,Transportation,1905.0,4958,NJ,11360610.59,4512866.12,2.920650637727194,2897634,1121537.25
447,448,STILLWATER SUPERCOMPUTING INC,Research & Consulting,2007.0,900,CA,11008254.01,7600005.67,1.8923276552218997,3806019,2452426.1
448,449,StockSmart,Finance & Investment,2012.0,10000,MA,10101885.08,3623968.81,3.2525515094161705,2375488,828911.01
449,450,Stormpulse,Environment & Weather,2004.0,500,TX,8780440.530000001,5208422.96,2.4680446502170583,2531813,1442686.94
450,451,StreamLink Software,Data/Technology,2008.0,10000,OH,7860274.21,2864483.51,3.642764279841419,1693016,514353.13
451,452,"StreetCred Software, Inc",Governance,2012.0,20000,TX,10635090.28,3481519.17,5.4543301785167,1647745,1333752.13
452,453,StreetEasy,Housing/Real Estate,2005.0,10000,NY,9258624.42,6835902.41,2.364119143846181,2752169,3248709.88
453,454,Suddath,Transportation,1919.0,42745,NJ,11311526.83,1655680.3599999999,3.2993211448257567,2631003,1146182.18
454,455,Symcat,Healthcare,2011.0,500,MD,6876551.81,8864277.23,1.7819690642030657,2471829,3713980.0
455,456,Synthicity,Housing/Real Estate,2012.0,10000,CA,8398505.5,6815053.82,3.926844170212866,1704642,1667064.48
456,457,T. Rowe Price,Finance & Investment,1937.0,10000,MD,6942651.12,5836785.52,1.8491952332370012,2436706,2295615.96
457,458,Tableau Software,Data/Technology,2003.0,10000,WA,4274737.46,3397622.5,1.7529522541140647,1552783,1286873.3900000001
458,459,TagniFi,Finance & Investment,2012.0,40000,FL,12309505.84,3992782.34,4.219647797440701,2358302,1165231.06
459,460,Telenav,Geospatial/Mapping,1999.0,200,CA,10982230.23,3791398.89,2.00737924250793,3651761,1052827.99
460,461,Tendril,Energy,2004.0,4000,CO,10259160.5,1425037.59,2.339368286946168,3072186,446077.05
461,462,Teradata,Data/Technology,1979.0,198,OH,9004572.530000001,5669421.97,3.644273310794258,1938855,1191813.92
462,463,The Advisory Board Company,Research & Consulting,1979.0,4500,DC,8874598.5,5752368.35,3.588326304474945,1934169,1780896.76
463,464,The Bridgespan Group,Research & Consulting,1973.0,4958,MA,9545957.27,10833187.56,2.1477394012277755,3032639,2739228.84
464,465,The DocGraph Journal,Healthcare,2013.0,900,TX,6793585.63,7398871.33,2.807466109579214,1784280,2182979.52
465,466,The Govtech Fund,Finance & Investment,2014.0,10000,CA,10239250.66,6578299.44,2.1445533701084645,3256186,2174136.0
466,467,The Schork Report,Energy,2005.0,500,PA,11208642.23,3475674.1,3.20997205531995,2662403,1437689.8
467,468,The Vanguard Group,Finance & Investment,1975.0,10000,PA,10961016.6,3392781.9,4.9312635720535685,1848007,827638.5900000001
468,469,Think Computer Corporation,Business & Legal Services,1998.0,20000,CA,7608147.18,9013472.57,2.7816559336254683,2011856,3723550.28
469,470,Thinknum,Finance & Investment,2013.0,10000,NY,6358748.49,1247493.92,1.9506323716523917,2155046,194192.81
470,471,Thomson Reuters,Business & Legal Services,2008.0,42745,NY,5516017.03,3834678.52,2.101457742487591,1778524,1294734.0699999998
471,472,TopCoder,Data/Technology,2001.0,500,CA,9817541.51,3283834.33,2.597817721600631,2728749,1109907.99
472,473,TowerData,Data/Technology,2006.0,10000,CA,8203454.64,5080949.52,4.347185820541885,1534163,976901.0
473,474,TransparaGov,Governance,2011.0,10000,DC,10698476.67,5899748.8,3.251380870274285,2516471,1512647.0899999999
474,475,TransUnion,Business & Legal Services,1968.0,10000,IL,10599880.56,4933715.95,2.5524054613822367,2983860,2023769.82
475,476,TrialTrove,Healthcare,2002.0,40000,NY,8874902.55,5152594.6,3.1360259740622887,2145756,1545248.31
476,477,TrialX,Healthcare,2007.0,200,NY,7024639.08,5831576.75,1.856654488492276,2459044,2587111.15
477,478,Trintech,Finance & Investment,2000.0,4000,TX,11326024.73,7998104.6,3.8503008113508614,2335118,1964838.6099999999
478,479,TrueCar,Transportation,2005.0,198,CA,4585226.04,4531011.109999999,1.3077832330826689,1986853,2860731.8600000003
479,480,Trulia,Housing/Real Estate,2005.0,4500,CA,11834596.68,2516756.15,2.902564364003775,3032518,841907.31
480,481,TrustedID,Lifestyle & Consumer,2005.0,4958,CA,9465390.66,4637569.94,2.890832098101648,2432742,1505150.42
481,482,TuvaLabs,Education,2012.0,900,NY,10797865.04,3498282.84,3.307237366130123,2506912,1137817.74
482,483,Uber,Transportation,2009.0,10000,CA,10226426.41,2238067.37,2.576672787257699,2859201,762693.21
483,484,Unigo LLC,Education,2008.0,500,NY,10837806.14,4286484.12,2.339859130493201,3244989,1218859.24
484,485,United Mayflower,Transportation,2006.0,10000,MO,8067795.14,6151648.75,2.8978263993131765,2069819,1649534.05
485,486,Urban Airship,Business & Legal Services,2009.0,20000,OR,10161567.14,4908349.18,1.4491463871985317,4149024,2073146.07
486,487,"Urban Mapping, Inc",Geospatial/Mapping,2006.0,10000,CA,6358303.76,7282241.73,2.271870135911459,1943324,2658803.5
487,488,US Green Data,Energy,2010.0,42745,MA,11363377.39,3988874.57,2.4971748978703734,3249302,943212.77
488,489,U.S. News Schools,Education,1983.0,500,DC,8090293.19,5354186.3,2.9131066377233026,2067486,1313825.9
489,490,USAA Group,Finance & Investment,1922.0,10000,TX,10645146.79,3320213.22,3.946778964048635,2151935,1153835.55
490,491,USSearch,Business & Legal Services,1994.0,10000,WA,8431054.45,6222459.8,2.7910781188172233,2223920,1694083.24
491,492,Verdafero,Data/Technology,2009.0,10000,CA,9173546.2,1633085.82,2.3441223249616776,2743185,636518.0800000001
492,493,Vimo,Insurance,2012.0,40000,CA,8695033.53,7485587.1,2.9610887872691687,2195112,1336819.4100000001
493,494,"VisualDoD, LLC",Aerospace and Defense,2012.0,200,VA,9131313.86,5992590.4,3.7763463435608107,1911778,1525915.0
494,495,Vital Axiom | Niinja,Data/Technology,2012.0,4000,IL,8924989.629999999,5176863.6,1.5589071518455833,3487813,2129172.5
495,496,VitalChek,Governance,1987.0,198,TN,9661224.73,1653134.66,3.0264078575849203,2399465,723230.73
496,497,Vitals,Healthcare,2007.0,4500,NJ,6828977.85,665280.37,2.1240677745119343,2185925,219680.1
497,498,Vizzuality,Geospatial/Mapping,2011.0,4958,NY,6764829.66,5400855.34,2.4905809525578633,1938024,1605433.05
498,499,Votizen,Governance,2010.0,900,NY,9605418.31,3692900.46,2.668908267537134,2618059,1197480.98
499,500,Walk Score,Lifestyle & Consumer,2007.0,10000,WA,6125613.93,3191915.71,3.007912907784713,1528380,1294658.4300000002
500,501,WaterSmart Software,Environment & Weather,2009.0,500,CA,13281018.7,7138269.05,2.9571229453514967,3356231,2151861.6
501,502,WattzOn,Energy,2008.0,10000,CA,7874405.11,3667856.35,4.573979272432803,1412708,1173073.58
502,503,Way Better Patents,Business & Legal Services,2012.0,20000,VA,7745528.4,2782797.29,2.583311466369597,2161556,641627.98
503,504,Weather Channel,Environment & Weather,1982.0,10000,GA,5828146.93,3532491.72,2.5477925957219374,1642753,1819473.0
504,505,Weather Decision Technologies,Environment & Weather,1999.0,42745,OK,8561608.879999999,5310208.1,1.844690757821429,3009680,1994597.52
505,506,Weather Underground,Environment & Weather,1995.0,500,CA,8914205.969999999,7082426.27,3.220867369623241,2111937,2216316.05
506,507,WebFilings,Finance & Investment,2008.0,10000,IA,11024827.27,9391593.05,2.8769018725817332,2843721,2391128.65
507,508,Webitects,Data/Technology,1998.0,10000,IL,8988312.36,4605338.359999999,2.47351838025589,2587668,1529936.49
508,509,WebMD,Healthcare,1996.0,10000,NY,7131760.23,2814050.59,2.9861498601279393,1789135,1133403.87
509,510,Weight Watchers,Lifestyle & Consumer,1960.0,40000,NY,8259219.73,2707330.47,2.0707060539893023,2689681,986187.3
510,511,WeMakeItSafer,Lifestyle & Consumer,2009.0,200,CA,5701549.41,3867941.38,2.5720054743336576,1596176,1624114.44
511,512,Wheaton World Wide Moving,Transportation,1945.0,4000,IN,9112578.65,5542687.15,3.07303766203175,2237293,1872319.97
512,513,Whitby Group,Research & Consulting,2001.0,198,NY,16970595.07,4006708.81,4.502160768991597,3084351,814612.75
513,514,Wolfram Research,Data/Technology,1987.0,4500,IL,13366203.13,6443333.1,4.166239424463546,2587221,1345865.6
514,515,Wolters Kluwer,Business & Legal Services,1836.0,4958,MN,9021853.69,6216318.06,2.656656844629284,2467241,2171179.9699999997
515,516,Workhands,Lifestyle & Consumer,2012.0,900,CA,10443453.27,6789688.72,3.986708070352363,2094258,1871933.3
516,517,Xatori,Energy,2010.0,10000,CA,9318134.8,1793153.96,2.814360174693368,2442909,909148.03
517,518,Xcential,Governance,2003.0,500,CA,8616979.48,3772777.49,2.586116730312726,2402872,1006677.26
518,519,xDayta,Data/Technology,2013.0,10000,AZ,7920136.68,6579808.56,2.6997208347210937,2140739,1232085.9100000001
519,520,Xignite,Finance & Investment,2000.0,20000,CA,9301257.85,8542406.6,2.375655614280794,2755393,2670170.22
520,521,Yahoo,Lifestyle & Consumer,1994.0,10000,CA,10655346.66,5031202.86,2.4703843549545415,3070365,1584287.79
521,522,Zebu Compliance Solutions,Healthcare,1999.0,42745,OH,10702443.21,5975122.2,2.8911084509761364,2750487,1751848.49
522,523,Yelp,Lifestyle & Consumer,2004.0,500,CA,11598968.06,5331121.87,2.9914273237507616,2905970,1493228.44
523,524,YourMapper,Geospatial/Mapping,2005.0,10000,KY,7780197.23,2290763.9,2.6148747068796574,2152273,1242915.21
524,525,Zillow,Housing/Real Estate,2006.0,10000,WA,13820137.68,6812008.19,3.5863826544868775,3013298,2081036.19
525,526,ZocDoc,Healthcare,2007.0,10000,NY,8435154.84,2296434.4299999997,2.0945906887364836,2725774,703805.21
526,527,Zonability,Housing/Real Estate,2003.0,40000,TX,8603814.02,2989139.6,2.608414792136304,2384375,910638.54
527,528,Zoner,Housing/Real Estate,2011.0,200,NY,5965616.89,2387228.01,3.7252523293124655,1262497,949454.93
528,529,Zurich Insurance (Risk Room),Insurance,1912.0,4000,IL,13616859.84,2054761.84,3.08525200147007,3333175,1087202.24
